,Rain (mm),Min Temp (°C),Max Temp (°C),Min Humidity (%),Max Humidity (%),Min Wind Speed (Kmph),Max Wind Speed (Kmph)
,0,11.7,29.9,40.6,96.6,0,2.2
,0,10.4,30.4,45.8,97,0,2.2
,0,13.1,30.5,38.4,96.4,0,2
,0,13.4,29.8,50.7,97,0,2
,0,15.6,30.9,43.3,93.6,0,1.6
,0,19.3,31.2,48.2,92.6,0,1.4
,0,21.3,29.6,59.8,91.8,0,2
,0,17.3,31.2,51.8,96.1,0,1.6
,0,12.4,33.7,24.8,88.1,0,2.8
,0,13.1,34.3,24.2,85.8,0,1.9
,0,15.9,34,35.5,93,0,1.4
,0,14.7,32.8,42.6,95.9,0,1.5
,0,12,31.7,40.6,95.3,0,1.5
,0,9.9,31.8,36.2,94.6,0,1.3
,0,11.9,32.3,32.9,89.9,0,1.3
,0,12.7,32.7,32.4,91.3,0,1.6
,0,12.6,32.6,32.1,91.6,0,1.7
,0,13.5,32.1,33.2,93.4,0,2.1
,0,15.8,33.5,36.9,90.5,0,1.9
,0,15.1,33.1,38.8,90.1,0,2.3
,0,10.6,32.5,25.4,91.1,0,1.5
,0,10.6,32.3,28.8,88.9,0,1.7
,0,14.7,34.4,31.9,90.5,0,2.6
,0,13.4,34.8,38.3,91.2,0,1.6
,0,15.1,33.4,40.4,89.7,0,1.8
,0,15.1,32.9,42.4,87.7,0,1.5
,0,16.2,32.9,42.2,93.7,0,0.9
,0,17.8,31.9,43.9,91.3,0,1.9
,0,13.6,31.5,46.2,88.5,0,1.5
,0,9.6,29.6,28.3,83.2,0,2
,0,9.9,30.6,30.7,85.9,0,1.8
,0,8,32.2,26.3,85.9,0,2
,0,7,33,18.3,83.6,0,1.9
,0,7.1,32.9,16.3,80.7,0,1.9
,0,8.6,32.2,17.7,84.8,0,6.7
,0,13,33.5,21.7,76.7,0.1,2.6
,0,11.9,31.1,32.5,81.9,0,1.9
,0,6.3,29.6,26.5,88.8,0,1.5
,0,6,30.6,20.6,78.6,0,1.6
,0,7.3,32.5,20.2,79.2,0,1.2
,0,9.5,33.5,19.6,79.8,0,1.3
,0,11.7,34.2,22.6,81.6,0,1.2
,0,13,34,25,80.2,0,1.4
,0,15.2,34.8,26.1,83.4,0,1.6
,0,17.7,34.4,30,74.1,0,1.1
,0,14.4,35.1,28,83,0,1.7
,0,17.9,34.6,28.3,76.7,0,2.2
,0,17.6,30.5,38.4,83,0,2.6
,0,16.7,28.8,43.6,87.7,0,2.7
,0,11.6,23.2,61.5,95.9,0,1.8
,0,15.4,31.8,36.5,81.8,0,2.1
,0,14.7,33,36.1,83.6,0,1.4
,0,12.3,34.7,22.9,75.9,0,3.4
,0,12,35.5,22.8,78.3,0,2.4
,0,13.1,36.4,20.5,76.2,0,1.8
,0,15.3,37.7,18.6,67.2,0,1.2
,0,14.9,37.6,25.2,66.7,0,2.4
,0,14.1,36.6,19.1,66.5,0,2.2
,0,22.1,38.1,18.4,59,0,2.1
,0,15.8,37.8,18.3,62.2,0,1.5
,0,13.4,37.4,15.6,58.9,0,1.8
,0,13.2,36.9,15.5,63.6,0,1.9
,0,15,37.6,11.8,59.5,0,1.8
,0,14.2,36.7,16.1,59.8,0,3.3
,0,13.8,37.3,13.9,57,0,2
,0,17.3,38.1,17,55.4,0,2.5
,0,19.2,38.5,18.2,59.6,0,3
,0,21.2,37.6,22.3,63.2,0,2
,0,21.3,37.6,21,68.3,0.1,4.3
,0,17.2,37.7,18.4,71.9,0,3.2
,0,22,37.2,21.5,65.3,0,3.8
,0,16.2,34.7,24.6,64.4,0,4.4
,0,17.8,36.6,19.2,56.9,0,2.1
,0,19,37.6,20.6,66.7,0,1.8
,0,20.2,36.9,23.4,63.2,0,1.8
,0,24.4,37.4,20.2,69.5,0.1,2.9
,0.8,22.6,37.6,26.6,77.8,0.1,4.2
,0,21.5,33.9,32.3,72.8,0,3.4
,0,19.9,35.5,30.5,75,0,3.5
,0,19.4,36.8,25.7,57.5,0,2.3
,1.3,22.1,35.5,28.3,84.5,0.1,2.5
,0,17.3,33.1,34.3,84,0,2.4
,0,19.6,37,24.5,66.5,0,1.4
,0,21.1,38.1,22.3,55.1,0,2
,0,18.5,38.3,20.7,27.8,1.1,2.5
,0,18.6,38.6,14.3,56.5,0,6.8
,0,19.4,41.2,13.2,47.4,0,7.1
,0,20.4,40.9,11.8,45.2,0,3.2
,0,24.5,39.8,13.8,63.3,0,14.6
,0,11.4,30.9,32.1,89.6,0,10.6
,0,13,31.2,31.3,94.1,0,6.5
,0,11.7,31.4,38.7,94.9,0,8.9
,0,13.5,30.5,37.6,94.1,0,4.6
,0,13.6,32.1,35.5,94,0,6.1
,0,16.3,30.7,40.2,88.5,0,6.6
,0,19.7,31.6,40.7,91.2,0,6.5
,0,21.2,29,48.7,86.6,0,9.8
,0,16.3,31.2,45.3,87.3,0,3.9
,0,14.8,34.3,23.1,70.8,0,7.2
,0,14.5,33.8,23.8,70.4,0,5.4
,0,16,34.8,29.5,80.3,0,5.3
,0,16.2,33.5,31.9,74.6,0,7.8
,0,18.8,35.5,35.4,83.5,0,7.8
,0,11.6,32,29.7,72.7,0,5.8
,0,12.7,33.3,26.3,69.4,0,5
,0,13.6,34,27.3,81,0,7.4
,0,13.2,33.6,26.7,82.8,0,9.7
,0,14.9,33.6,29.4,73.5,0,6.6
,0,18.5,34.2,31.9,68,0,7.4
,0,16.7,33.1,32.7,80.3,0,9.6
,0,11.7,32.3,28.4,84.1,0,5.2
,0,12.2,34,24.3,81.7,0,5.1
,0,17.4,35,27.3,83.2,0,9.8
,0,16.3,34.9,32.9,81.3,0,8
,0,16.3,33.8,35.7,82,0,5.8
,0,15.5,33.3,32.9,84.2,0,4.1
,0,18,32.8,37.4,80.9,0,2.8
,0,18.5,31.6,37.5,80.6,0,5
,0,14.9,32.4,36.6,79.5,0.2,4.4
,0,11.3,28.9,25.5,73.1,0,7.6
,0,11.3,31.4,25.9,79.8,0,4.3
,0,9.8,33.4,21.3,80.5,0,1.5
,0,8.9,33.1,16.2,74.2,0,8
,0,9,34.6,12.1,75.4,0,11.6
,0,11,33,15.2,78.1,0,10.4
,0,15.4,33.2,17.6,66.5,0,8.4
,0,10.9,31.8,27.8,76.5,0,8.9
,0,7.7,31,22,79.4,0,7.1
,0,7.7,31.8,15.9,75,0,6.7
,0,8.5,32.8,15.9,74.1,0,6.3
,0,10.7,33.8,14.1,72.6,0,3.4
,0,13.2,35.5,17.1,75.9,0,8.6
,0,13.9,34.2,23.1,77,0,4.4
,0,19,34.5,23.7,71.3,0,7.6
,0,19.5,35.3,26.2,63.1,0,1.8
,0,17.8,34.9,24.6,70.4,0,6
,0,18.1,34.6,25.7,69.6,0,11.3
,0,17.5,33.9,30.9,75.7,0,10.7
,0,16.9,27.8,36.8,84.8,0,10.1
,0,13,24.3,44.9,90.5,0,6
,0,15.4,33.7,29.3,81,0,9.4
,0,14.9,33.7,28.5,76.9,0,8.8
,0,13.2,35.3,19.5,72.8,0,6.3
,0,13.9,35.5,17.5,68.8,0,7.7
,0,14.2,37,18.8,70.7,0,4.9
,0,17.2,37.8,16.3,64.2,0,5.5
,0,15.7,38.1,19.3,64,0,8
,0,15.8,38,16.4,58.3,0,7.9
,0,22.9,38.2,14,46.9,0,4.3
,0,18.1,38.4,14.7,65.2,0,3
,0,14.6,38.1,13.2,62,0,2.4
,0,14,37.6,11.9,62.7,0,5.3
,0,18.8,38.2,9.6,47.8,0,1.5
,0,15.7,37.7,12,61.9,0,10.3
,0,15.6,37.6,11.2,51.1,0,2.3
,0,18.5,38.8,12.3,55.5,0,1.2
,0,23.5,38.2,15,65.2,0,4.5
,0,23.1,37.2,16.8,65.6,0.2,10.2
,0,23.3,37.9,19.1,60.8,0,9.7
,0,18.9,37.6,15.6,63.3,0,10.4
,0,21.5,37.5,19.7,61,0.2,12
,0,18.1,35.1,18.9,57.5,0,11.7
,0,18.9,37,15.8,51.6,0,8.3
,0,20.1,37.8,16.5,62.2,0,3.9
,0,21.3,37.6,19.2,61,0,2.4
,0,24.1,37.7,18.6,62.2,0,9.1
,0,24,38,22.9,55.1,0.3,10.1
,0,21.5,34.9,29.4,63.8,0.1,9.6
,0,19.9,36.2,26.2,65.9,0,10.9
,0,21.1,38,20,55.3,0,4.3
,0.9,20.9,37.6,22.3,76.1,0.1,9.1
,0,17.7,34.9,26.5,70.7,0,8.8
,0,19.6,37.3,22.2,60.5,0,3.4
,0,20.8,38.7,18.5,51,0,4.8
,0,18.1,39.6,18,40.6,0.9,7.7
,0,19.1,40.3,12.8,54.2,0,2.2
,0,21.4,42,11.2,46.6,0,7.1
,0,21.4,42.7,11.5,50.2,0,0.9
,0,23.5,42.3,13.3,63.3,0,12.7
,0,10.4,30.2,40.9,95,0,8.5
,0,12.4,30.5,39.6,95.4,0,7
,0,10.9,30.3,47.1,97.1,0,6
,0,12.8,30,47.5,95.8,0,8.7
,0,12.7,32.9,39.5,95.6,0,6.3
,0,15.4,30.6,49.3,93.4,0,6.9
,0,19.8,31,50.8,91.2,0,7
,0,20.8,29,65,91.4,0,6.5
,0,15.4,30.4,60.5,96.5,0,5.8
,0,14.2,34.7,29.9,100,0,9
,0,14,34.4,34,92,0,6.9
,0,15.3,33.6,35,93.4,0,8.9
,0,15.9,33.1,38.1,95.4,0,7
,0,13.2,31.3,45.8,94.8,0,7
,0,10.9,31.9,36.9,92.7,0,9.1
,0,11.7,32.2,28.5,89.6,0,5.7
,0,13.3,33,34.1,90.1,0,5.7
,0,12.6,32.3,29.9,91.7,0,7.7
,0,14.1,32.8,32.8,94.1,0,7.7
,0,16.8,34,34,90.1,0,10.5
,0,16.2,32.9,36.3,90.3,0,10.8
,0,11,32,33.5,91.2,0,7.2
,0,11.5,32.8,27.5,91.5,0,7.9
,0,16.9,33.9,32.1,90.9,0,12.7
,0,16,34.4,37.6,89,0,10.3
,0,16.1,32.8,39.7,92.7,0,10.3
,0,15.2,33.6,39.9,85.9,0,6.5
,0,17.3,32.1,46.2,92.6,0,6
,0,18.3,32.6,45.9,91.8,0,13.9
,5.6,13.7,32.1,47.2,93.6,0,7.8
,0,10.7,28.2,37.6,89.5,0,10.6
,0,10.6,31,31.2,89.9,0,5.1
,0,9.5,32.7,26.4,89.6,0,9
,0,8.2,32.7,19.2,86.6,0,7.3
,0,8.1,33.4,15,84.2,0,7.1
,0,10.4,33,17.5,88.5,0,7.1
,0,15.3,33.4,19.7,75.2,0,9.1
,0,11.3,31.5,30.2,87.8,0,8.4
,0,7.3,29.7,29.6,84.8,0,11.3
,0,7.4,30.8,19.3,88,0,7.3
,0,8.2,32.5,18.4,85,0,6.9
,0,9.6,33.4,17.1,85.8,0,8.1
,0,12.6,34,17.7,80.6,0.1,10.7
,0,13.3,33.7,25.1,85.9,0,10.4
,0,18.1,34.7,26.4,77.1,0,11.4
,0,19.9,34.5,27.1,62.3,0,8.5
,0,16.7,35.1,25.8,80.1,0,11.5
,0,17.3,34.5,23.4,78.3,0,18.6
,1.8,17.2,32.1,34.7,92.8,0,10.2
,8.7,16.5,28.8,49.4,94.1,0,12.1
,0.2,13,24.1,65,96.9,0,9
,0,15.2,31.4,37.8,92.9,0,14.3
,0,14.6,32.8,37.2,91.9,0,8.6
,0,12.7,34.3,24.2,86.5,0,7.8
,0,13.1,35.1,19.3,86.1,0,6.7
,0,13.1,36.9,17.3,85.4,0,7.2
,0,16.8,37.5,14.1,72.2,0,11.4
,0,15.7,37.6,18.2,69.6,0,10.3
,0,15.4,37.5,12.8,67.4,0,10.2
,0,22.6,38.4,11,56.3,0,11.2
,0,18.2,38.2,11,68.7,0,7.6
,0,14,37.5,11.3,65.6,0.1,10.4
,0,13.6,36.3,11.5,61.3,0,8.1
,0,18.9,38.2,6.9,54.6,0,13.3
,0,14.7,37.3,10,72.9,0,15.3
,0,15.4,37.4,8.2,55.2,0,8.1
,0,17.7,38.8,9.5,60.9,0,11.8
,0,23.7,38.1,12.1,65.5,0.1,15.3
,0,24,37.2,18.2,67.7,0.1,14.8
,0,25.1,37.8,17.5,60.5,0,14.6
,0,19.1,37.7,10.8,60.7,0.2,14.8
,0,21.7,37.6,18.6,70.4,1,18.1
,0,17.6,35,24,62,0,11.4
,0,18.7,36.9,18.9,58,0,10.4
,0,19.8,37.4,17.7,63.1,0,13.9
,0,21,37.8,20.6,62.7,0.1,8.4
,0,24.8,37.7,21.6,61.3,0,9.4
,1.1,23.4,37,29,77.2,0.1,16.2
,0,21.3,33.2,36.3,77,0,11.6
,0,19.4,34.8,29.5,81.8,0,14.1
,0,21,36.6,23.2,60.8,0,18.6
,0,23.3,37,26,65.6,0,15.2
,0,17.6,34,30.1,71.7,0,12.4
,0,20.9,36.9,25,58,0,9.2
,0,20.3,38.1,21.2,52.8,0,9.9
,0,20.6,37.9,20.2,35.2,0.8,11.3
,0,19.7,38.2,13.2,41.2,0,11.3
,0,21.2,39.5,10.4,45.1,0,10.4
,0,21.4,40.5,13.9,46.4,0,12.8
,0,23.4,40.3,11.6,63.3,0,21.7
,0,12.8,29.1,44.9,82.7,0,5.1
,0,14.4,29.6,44.8,85.5,0,4
,0,13,29.7,51,91.7,0,3.5
,0,13.9,29.3,50.6,91.3,0,5
,0,14.2,30.9,46.2,86.5,0,3.9
,0,17,29.7,52,83.2,0,3.8
,0,20.1,29.7,55.9,85.2,0,3.8
,0,21,27.9,66.8,84.7,0,3.7
,0,16.5,30.3,59.2,87.4,0,3.3
,0,15.7,33.2,34,89.2,0,5.5
,0,16.3,33.4,32,82.6,0,4
,0,17.3,32.3,42.6,82.8,0,4.9
,0,16.6,32.2,44.9,85.6,0,4
,0,14.7,30.8,44.4,86,0,4
,0,13.7,30.9,42,80.5,0,3.5
,0,14.2,31.4,32.6,74.2,0,3.4
,0,15.9,31.7,37.9,79,0,3.3
,0,14.3,31.1,35.1,77.9,0,4.5
,0,16.4,31.5,37.4,83.3,0,3.1
,0,18.8,32.8,39.8,80.8,0,4
,0,17.6,31.9,43.2,80.1,0,6.3
,0,14,30.7,40.2,75.8,0,4.2
,0,14.3,31.7,32.8,79.5,0,4.4
,0,17.4,32.7,40.5,87.6,0,7.3
,0,17.6,34.3,46.1,85.3,0,5.8
,0,17.2,32.1,45.1,87.6,0,6
,0,16,32.5,44.8,81.1,0,3.8
,0,18.4,31.4,48.9,85.4,0,3.7
,0,19.2,31.5,49.3,82,0,8.6
,0,15,30.5,50.3,87.4,0,4.9
,0,12.4,27.5,46.7,76.6,0,5.9
,0,13,29.9,37.1,69.4,0,3.4
,0,11.4,31.5,29.4,67.6,0,5.2
,0,11.4,31.5,22.1,59.9,0,4.2
,0,11.7,32,16.5,55.1,0,4.1
,0,13.4,31.7,21.6,68.7,0,5.1
,0,16.5,32.2,24.6,60.3,0,5.4
,0,13.1,30.4,33.4,72.4,0,4.8
,0,10,28.2,32.3,66,0,4.1
,0,10,29.3,21.3,61.8,0,4.3
,0,10.9,30.9,22.4,63.6,0,4
,0,13.2,32,20.6,62.5,0,4.7
,0,15.7,32.7,21.8,66.1,0.1,6.1
,0,15.5,32.1,30.5,67.6,0,5.7
,0,19.5,33,32.1,63.7,0,6.7
,0,20.3,33,32.7,60.7,0,4.8
,0,21,32.9,31.8,60.4,0,6.4
,0,17.8,32.4,30.2,69.4,0,11
,0.8,17.3,31.5,35.1,83.4,0,6
,0,16.7,28.1,49.3,86.4,0,6.9
,1.3,13.2,23.3,66.1,92.5,0,5.4
,0,16.7,30.7,42.7,83,0,8.2
,0,16.5,31.6,40.9,71.5,0,4.8
,0,15.5,33.2,26.9,61.3,0,4.5
,0,16,34.2,23.5,64.9,0,4
,0,17.1,35.6,21.4,59.3,0,4.2
,0,20.2,36.8,18.2,51.3,0,6.6
,0,18.6,36.7,23.2,46.9,0,6.3
,0,18.4,36.2,17.7,45.1,0,5.9
,0,24.1,37.3,16.7,41.8,0,6.5
,0,18.7,36.8,17.6,51.4,0,3
,0,15.1,37,14.5,48.3,0.1,6
,0,14.5,36.1,15.3,43.7,0,5.2
,0,20.3,37.7,10.4,41.1,0,7.2
,0,18.4,37.3,18,48.3,0,8.4
,0,17.7,36.2,13.3,42.5,0,6.7
,0,19.8,37.4,15.6,49.8,0,6.9
,0,22.7,37.2,18.8,60.9,0,10.8
,0,23.3,35.9,25.7,63.5,0,9.8
,0,23.1,36.6,23.1,65,0,8
,0,19.4,36.3,17.9,64.2,0.1,8.7
,0,21,36.2,21.4,71.3,0.5,10.5
,0,17.7,34.4,28.2,58.3,0,6.1
,0,18.8,36.6,21.6,45.1,0,4.2
,0,21,36.4,22,61.5,0,10.6
,0,22,35.8,26.7,59.2,0,7.3
,0,24.6,36.4,26.6,66,0,7.4
,0,23,35.4,33.4,70.4,0,11.9
,0,20.6,33.4,35.8,74.2,0,6.3
,0,19.6,33.7,34.6,75.2,0,6.5
,0,22,35.4,28.8,59,0,10.4
,0,23.3,35.2,30.5,61.9,0,8.6
,0,19.6,32.3,37.3,64.2,0,9.9
,0,23.1,35.2,30,57.8,0,8.5
,0,21.6,36.8,25.1,51.2,0,8.9
,0,20.6,36.6,22,34.5,0.3,10
,0,22.2,36.2,17.1,32.6,0,12.8
,0,23.3,38,14.3,43.6,0,16.7
,0,24.1,38.2,15.4,48.9,0,12
,0,26.7,38.1,16,63.3,0,21.4
,0,15.9,28.3,41.9,73.9,0,1.9
,0,15.7,28.8,44.6,80.2,0,2.1
,0,14.7,28.8,50.5,91,0,2.1
,0,14.9,28.7,46.7,91.4,0,2.3
,0,15.8,28.4,50.4,81.9,0,2.6
,0,18.5,28.3,53.4,76.4,0,2
,0,19.9,27.6,59.9,83.6,0,1.6
,0,20.6,26.4,66.9,82.3,0,2
,0,16.5,30.2,52.9,81.2,0,2.2
,0,16.6,31.2,36.9,78.5,0.1,2.8
,0,17.6,32.5,25.2,73.9,0,2.7
,0,18.7,31.3,43.3,76,0,2
,0,17.2,31.2,38.7,80.8,0,1.7
,0,16.4,30.9,36.6,78.9,0,1.7
,0,16.3,30.9,36.6,68.3,0,0.1
,0,17,30.5,33.8,66.6,0,2
,0,17.7,30.2,38.7,69.6,0,1.8
,0,16.5,29.4,36.6,73.4,0,2.7
,0,19.1,30.3,38.7,78.2,0,0.2
,0,19.9,31.6,43.3,75,0,0.4
,0,19.5,31.2,46.5,73,0,2.6
,0,16.8,29.4,42.4,64.5,0,2.7
,0,16.8,30.8,33.8,67.5,0,1.8
,0,17.6,31.4,43.5,84.3,0.1,2.4
,0,18.6,31.5,49.9,81.6,0,3.2
,0,18.1,31.4,46.5,82.5,0,2.2
,0,17,30.6,49.4,83.8,0,2.6
,0,18,29.9,52.4,91.3,0.1,2.8
,0,18.9,29.9,53.4,83.8,0.3,2.7
,0,15.1,28.9,51,79.5,0,2.6
,0,15.1,26.6,41.4,55.3,0.1,2.5
,0,16.7,29.2,37.9,58.1,0.1,2.4
,0,14.9,30.2,28.1,68.8,0,2.6
,0,15.3,30.2,21.1,63.1,0,2.9
,0,16.3,30.1,17.3,64.8,0,3.2
,0,16.3,29.1,24.9,65.3,0,3.7
,0,17.8,30.6,29.4,60.4,0.2,2.8
,0,15.3,28.7,36.6,66.2,0,2.9
,0,12.8,26.6,34.9,55.1,0,0.1
,0,14.4,27.7,22.2,50.5,0,3.1
,0,15.8,29.8,24.3,60,0,2.5
,0,17.2,30.9,23.7,57.2,0,1.7
,0,19.6,31.1,25.2,67.9,0,3.2
,0,18.3,30.9,36.6,65.8,0,2
,0,20.6,31.9,38.5,67.5,0.1,2.5
,0,19.8,31.6,38.5,71.4,0.1,2.1
,0,20.4,31.3,36.3,65.4,0.3,2.7
,0,18.1,32.2,37.4,73.5,0.3,3.7
,0.7,17,30.9,33.2,83.8,0.1,2.8
,0,16.6,27.4,42.6,77.2,0.2,3.8
,4.2,16.3,23.9,61.4,88.4,0,2.5
,0,18.2,30.1,43,73.5,0,4
,0,19.5,30.1,43,64.1,0,2.7
,0,19.2,31.9,29,52.5,0.1,2.9
,0,18.7,32.7,26.5,58.1,0,2.5
,0,19.2,33.7,23.5,55.8,0,2.4
,0,24.2,35.7,20.3,45.4,0,1.8
,0,22.7,35.4,26.1,40.1,0,2.9
,0,22.2,34.5,22.2,38,0,3.1
,0,24.9,36.2,19.9,44.3,0,2
,0,20.8,35.5,23.1,51.5,0,0.1
,0,21,35,17.8,51.3,0,3.7
,0,17.9,34.2,16.8,48.3,0,3.7
,0,18.5,36.2,12.4,58.1,0.1,2.4
,0,23.2,34.6,21.6,50.1,0,8.2
,0,20.2,34.9,15.8,47.1,0,10.8
,0,21.7,36,21.8,57.1,0,7.7
,0,20,35.4,24.4,75.3,0,14.8
,0,21.3,34.6,31.9,74.4,0,10.6
,0,21,35,28,70.1,0,7.1
,0,20,34.9,19.7,67.9,0,8.7
,0,20.2,35.2,23.5,72.2,0,10
,0,18.4,33.9,29.7,64.1,0,4.7
,0,19.5,34.7,22.2,38.7,0,0.9
,0,21.8,35.4,23.8,59.9,0,16.4
,0,22.4,34.8,30.6,57.1,0,12.1
,0,23.6,35.7,27.4,70.7,0,11.2
,0,22.7,34.5,32.5,66.8,0,14.1
,0,19.5,33.6,29.3,72.2,0.3,2.8
,0,19.9,32.5,36.6,70.1,0,0.2
,0,22.4,34.5,29.3,59,0,3.2
,0,22.9,33.5,33.8,62.2,0.1,4.1
,0,19.9,31.1,41.2,62.7,0,15.7
,0,22.4,33.7,31.2,57.6,0,15
,0,22.9,35.6,27,49.6,0,14.9
,0,21.4,36.1,21.8,38,0,17.1
,0,24.6,36.2,17.1,32.6,0,14.3
,0,22.8,38,14.3,43.6,0,23
,0,24.1,38.2,15.4,48.9,0,11.1
,0,24.2,38.5,16,63.3,0,21
,0,14.6,28.7,34.7,77.8,0,10.7
,0,14.7,28.2,44.9,91.4,0,8.4
,0,14.2,28.5,42.5,98.8,0,8.7
,0,15.4,28.2,34.1,94.6,0,8.4
,0,15.2,29,32.8,89.1,0,12.1
,0,17.4,28.3,46.9,82,0,8.3
,0,19.9,28.7,54.3,93.5,0,7.1
,0,21,26.4,64.6,83.3,0,6.9
,0,16.4,29.8,43,85.7,0,8.5
,0,15.4,30.7,17.7,78.4,0,3.4
,0,16.3,31.5,14.4,74.4,1.9,4.3
,0,17.3,31.9,31.1,79.7,0,9.4
,0,18,32.3,33.4,79.3,0,11.6
,0,15.5,31.3,23.1,86.6,0,11.6
,0,13.9,31.2,23.1,74.3,0,10.9
,0,15.1,31.1,21,70.7,0,8.4
,0,15.9,30.8,28.4,77,0,12.7
,0,15.9,30.4,25.7,76.1,0,11.8
,0,16,30.7,27.1,95.6,0,9.6
,0,17.1,31.1,34.4,81.6,0,8.5
,0,18,31.3,34.4,76.6,2.7,13.9
,0,14.5,30.7,29.1,71.2,0,2
,0,15.1,30.5,24.4,71.2,0,1.4
,0,18.1,32.4,32,82.2,0,17.5
,0,16.8,31.9,35.5,91.6,0.6,15.1
,0,17.1,31.9,35.5,90.2,0,6.5
,0,16.9,30.8,35,83.8,2.6,7.4
,0,19.1,30.8,39.4,91.8,2.2,11.5
,0,18.3,30,41.1,91.8,0,9.9
,0,16.5,29.7,40.6,72.7,2.8,54.8
,0,17,27.9,24.1,69.2,2.2,11.4
,0,14.7,29.6,24.6,68.5,1.3,8.8
,0,11.6,31.2,17.7,64.5,2.2,11.7
,0,12.1,31.3,6.6,59,3.3,12
,0,11.6,30.4,6,64.9,5.7,9.3
,0,12.6,29.9,7.9,70.3,0,8.4
,0,14.4,30.5,16.4,69.9,0,9.8
,0,16.8,28.9,25.5,56.5,2.2,25.3
,0,12.1,27.5,21.5,71.2,1.6,14.1
,0,11.1,28.5,9.1,59.9,4.4,12
,0,12.3,30.6,12.3,63.6,0,2.1
,0,13.2,31.1,11.8,67.6,0,1.3
,0,15.4,32.2,9.2,72.1,2.2,9.2
,0,16.1,31.6,24.4,66.8,0,12.6
,0,18.3,31.6,23.7,71.7,0,8.1
,0,17.5,32.2,23.7,69.5,0,9
,0,17.3,32.5,24.6,70.3,0,10.3
,0,18.9,32,24.6,67.2,0,14
,1.3,18,30.5,21.7,82.5,0,9.5
,0.1,16.8,27.6,37.4,80.7,0,17.8
,2.4,15.9,23.8,55.3,95.6,0,15
,0,16.2,30.1,27.1,78.8,0,15.4
,0,16.7,30.4,31.7,70.3,0,25.6
,0,16,32.5,12,69.4,1.7,11.8
,0,15.5,33.3,12.6,63.1,2.3,11.2
,0,16.3,35.4,9.4,57.9,0,13.7
,0,17.7,35.9,9.5,56.9,0,10.4
,0,18,35.3,15.4,52,0,11.1
,0,18.6,34.5,9.5,39.8,0,14.6
,0,24,37.1,10.6,41,0,5.3
,0,20.5,35.9,7.5,60.1,1,7.5
,0,17.9,35.8,18.1,54.7,0,2.2
,0,16.8,35.7,17.4,54.5,0,2.7
,0,18.9,35.5,5.6,52.1,1.1,9.6
,0,18.1,34.9,7.5,63.6,0,15.2
,0,17.9,35.5,5.6,47.7,0,15.5
,0,18.6,35.7,6.2,64,0,8
,0,19.8,35.1,10.8,69,0,9.5
,0,19.5,34.6,18.1,72.7,0,9.6
,0,21.9,35.1,14.8,65,0,11.2
,0,20.7,35.1,7.5,57.8,0,10.2
,0,19.7,34.7,12.8,64.5,2.4,16.2
,0,17.6,33.5,12,56.8,1.6,10.8
,0,18.6,35.5,10,45.8,1.5,13.7
,0,21.2,34.7,10.8,56.8,0,8.4
,0,21.4,35.8,12.1,59.2,0,7.5
,0,24.7,35.2,15.4,62.1,0,5.6
,0,24.5,35.4,18.1,55.8,0.2,14.2
,0,22.5,34.1,15.4,54.9,3.2,27.4
,0,21.1,32.8,20.6,57.8,1.1,16.4
,0,21.6,34.6,14.8,55.8,0,12.7
,0.1,23.1,34.9,19.9,53.4,7.7,53.7
,0,19.1,32.3,27.3,61.7,5.1,21.5
,0,21.7,34.5,19.3,46.1,1.1,4.6
,0,23.5,35.9,13.4,40.4,2,10.3
,0,20.7,35.9,9.5,40.3,0,5.8
,0,20.5,36.6,5.6,28.9,0,11.9
,0,21.5,38.2,6.2,42.3,0,13.5
,0,21,40.3,5.7,52,0,7.9
,0,24.5,38.5,6.2,63.3,1.7,18.3
,0,14.1,29.7,41.2,77.7,0,1.4
,0,13.8,29,46,90.4,0,1.7
,0,13,31,44.7,93.6,0,1.3
,0,14.7,31.4,40,91.6,0,1.1
,0,14.9,30.3,40,86.6,0,1.9
,0,16.3,31.5,47.6,83.5,0,1.7
,0,19.4,32.3,50.9,88.9,0,1.6
,0,20.8,27.8,63,82.9,0,1.4
,0,15.2,31,49.9,85.4,0,1.4
,0,13.5,31.8,30,77.3,0,3.8
,0,15,35.2,21.5,73.6,0,1
,0,16.7,33.8,38,81.6,0,1.6
,0,18.1,32.9,43.5,85.1,0,1.4
,0,15.8,33.2,38,81.6,0,1.4
,0,12.9,32.1,37.1,77.7,0,2.9
,0,14.5,33.1,32.4,73.7,0,2
,0,15,32.5,36.2,80.5,0,1.1
,0,14.9,32.2,34.5,81.2,0,5.3
,0,14,32.3,35.7,88,0,2
,0,18.6,33.4,39.8,76.1,0,1.8
,0,18.5,34.2,37.4,73.8,0,4.1
,0,14.4,31.4,37.1,81.6,0,5.2
,0,14.2,33.3,31,70.9,0,5.1
,0,17.4,35.3,33.4,84,0,3
,0,16.8,34.5,38,79.3,0,5.1
,0,17.3,32.4,44.7,84.5,0,2.6
,0,17.2,34.2,39.2,72.8,0,2.9
,0,19.2,33.3,41.8,87,0,2.1
,0,16.8,32.5,45.6,91.8,0,3.9
,0,15.6,31.9,43.5,75.8,0,8.6
,0,14.2,27.9,37.4,59,0,4.1
,0,14.2,31.8,32.8,64.9,0,5.7
,0,12.6,32,23.8,63,0,5.6
,0,10.9,32.3,21,66.7,0,5.5
,0,10.7,32.4,15.5,70.8,0,4.9
,0,11,31.3,19.6,73.1,0,6.8
,0,14.4,32.2,22.6,67.2,0,5
,0,13.6,30.9,32.8,60,0,5.4
,0,11.9,27.8,26.7,58.7,0,5.4
,0,9.1,29.8,19.6,66.2,0,4.1
,0,10.4,31.8,19.6,70.8,0,4.6
,0,11.9,32.8,19.9,70.8,0,2.2
,0,15.6,33.7,17.8,70.5,0,4
,0,15.7,32.6,28.9,70,0,3.5
,0,17.8,34.4,31,71.4,0,3.7
,0,18.4,33.4,31,66.8,0,4
,0,16.8,35.1,30.6,70.9,0,5.7
,0,17.9,34.1,31,70.9,0,6.5
,0,17.6,32,35.4,70.9,0,3.9
,0,16.2,28.8,37.9,78.3,0,5.5
,0.8,14.2,24.6,56.8,84.5,0,8.1
,0,17.2,30.2,43.7,71.4,0,5.5
,0,16.7,31.6,39.4,70,0,2.9
,0,14.6,34.4,21.2,68.1,0,1.6
,0,15.9,35.1,22.9,64.5,0,2.5
,0,15.1,36.3,16.6,64.9,0,4.8
,0,17.6,37.4,18.7,58.5,0,5.8
,0,17.9,37.2,24.3,49.1,0,5.4
,0,18.5,36.2,17.3,46.6,0,2.9
,0,24,37.9,13.3,44.5,0,4.6
,0,20.8,38,16.8,58.9,0,2.6
,0,18.1,36.1,16.6,51,0,3.9
,0,16.4,36.8,15.4,46,0,4.2
,0,20.4,37,13.3,52,0,2.2
,0,18,37,15.9,57.5,0,6.9
,0,17.5,36.2,13.8,49.1,0,4.6
,0,19.7,37.6,16.8,60.9,0,2.7
,0,20.8,38,18.2,68.6,0,3.1
,0,20.9,37.7,23.1,72,0,3.1
,0,21.3,38,21,67.3,0,1.1
,0,19.2,38.2,16.1,63.9,0,3.7
,0,20.7,37.8,20.3,65.8,0,3.4
,0,17,34.8,22.6,61,0,1.4
,0,18.7,36.7,16.8,53,0,2
,0,22.4,37.9,18.2,61.4,0,0.9
,0,21.9,37.2,21.5,64.4,0,1.8
,0,23.8,37.6,23.8,67.4,0,1.1
,0,23.6,37.3,25.9,59.9,0,6.3
,0,21.8,35.2,25,65.4,0,5.2
,0,20.6,35.3,28.5,63.9,0,5.5
,0,20.9,37,23.1,54.9,0,6.5
,0,23,35.7,28.5,60.9,0,5.5
,0,19.5,33.8,32.4,64.4,0,6.1
,0,21.8,37,26.6,53.3,0,1.8
,0,22.9,37.5,22.4,47.9,0,1.7
,0,20.5,38.3,18.2,40.4,0.4,3.5
,0,21.4,37.8,14.7,40.1,0,8.4
,0,20.3,40.3,11.9,43.2,0,5.7
,0,21,40.3,12.1,44.1,0,5.3
,0,24.7,40.3,12.8,63.3,0.3,7.2
,0,16.7,30.1,46.2,96,0,6.4
,0,15,30.1,39.7,96.7,0,4.9
,0,15.3,28.6,42.1,99.9,0,5
,0,17.2,30.6,38.8,95.5,0,4.8
,0,17.2,30.9,34.4,96.7,0,6.9
,0,18.9,30.5,45.1,96.2,0,4.7
,0,19.9,30,57.9,96.2,0,4.2
,0,21.5,30.3,61.4,90.3,0,4
,0,17.8,31.3,45.6,96.2,0,4.8
,0,18.7,35.3,21.1,89.7,0,2
,0,17.9,34.9,26.4,83.8,1,2.6
,0,17.4,32.4,37.9,94.9,0,5.2
,0,18.7,33.2,46.8,96.4,0,6.6
,0,16.7,32.7,46.5,97.8,0,6.6
,0,14.7,33.2,32.8,99.9,0,6.2
,0,16.4,32.8,33.9,88.5,0,5.2
,0,16,33,28.9,90.5,0,7
,0,17.1,32.3,27.7,94.8,0,7.3
,0,16.1,32.7,28.2,95.8,0,5.9
,0,17.2,33,35.6,75.4,0,5.1
,0,18.9,31.4,35.5,91.1,1.4,7.7
,0,15.6,32.2,30.5,87.5,0,1.5
,0,17.1,33.2,27.5,83.8,0,1.6
,0,19.3,35.6,34.4,84.8,0,9.4
,0,17.7,35.5,34.1,91.3,0.3,8.7
,0,19.6,32.7,30.7,95.7,0,3.8
,0,19.3,34.9,38.6,94.9,1.3,4.2
,0,19.3,33.2,39.1,89.5,1.1,6.3
,0,19,33.3,43.1,91.6,0,5.9
,0,19.3,32.6,49.2,88.8,1.5,28.4
,0,14.2,28,29.2,75.2,1.1,6.5
,0,15.8,30.4,29.4,63,0.7,5.3
,0,12.4,33.3,23.2,66.2,1.1,6.6
,0,13.2,33.3,11.4,62.5,1.7,7.2
,0,12.7,31.8,9.4,62.8,2.9,5.4
,0,13.5,31.2,11.6,67.7,0,5.3
,0,14.7,31.6,18.6,63.8,0,5.8
,0,16.8,30.7,28.2,61.9,1.1,13.4
,0,12.4,28.4,23.7,74.5,0.8,8.7
,0,11.1,30.7,20.2,67.1,2.2,7
,0,14.6,33.1,17,74.2,0,1.2
,0,13.7,31.9,19.5,68.9,0,1.2
,0,15.1,34.9,15,71.4,1.1,5.3
,0,16.1,34.8,26.4,65.6,0,6.7
,0,18,34.7,24.7,69,0,5.1
,0,20.5,33.1,26.9,68.9,0,5.4
,0,20.6,35.9,28.9,61.7,0,6
,0,19.3,32.3,24.1,58,0,8.5
,0,19.2,33.3,28.5,78,0,6.2
,0,17.3,26.2,40.6,94.9,0,10.4
,0,15.1,24.9,50.5,98,0,8.4
,0,16,29.9,30.5,72.5,0,9.3
,0,17.6,30.8,28.8,81.3,0,14.1
,0,15.2,35.1,15.7,81.8,0.9,6.9
,0,19.1,35.7,18,74.2,1.2,6.6
,0,17.5,35.4,13.7,71.3,0,7.7
,0,17.4,36.4,12.2,54.4,0,5.8
,0,17.2,36,17,54.3,0,6.7
,0,17.8,35.1,13.9,46.1,0,8.1
,0,24.2,37,11.3,40.3,0,3.7
,0,18.3,36.6,11.1,44.5,0.5,4.5
,0,15.2,36.7,10.6,52.2,0,2
,0,14.9,36.6,9.8,51.8,0,2.6
,0,20,35.8,8.1,45.8,0.6,5.6
,0,16.4,35.7,9,61.3,0,8.6
,0,19.7,35.9,8.1,60.8,0,8.5
,0,19.4,36.4,10.7,54,0,4.6
,0,24,36,12.1,75.4,0,6.1
,0,22,35.6,22.1,58.2,0.1,7.2
,0,24.4,35.8,16.2,69.5,0,6.7
,0,20.6,36.2,11.7,68.9,0,6.6
,0,21.5,36,17.8,75.3,1.3,9.4
,0,18.3,36.4,25.4,61.8,0.8,7.7
,0,18.6,36.4,17.3,48.1,0.8,7.9
,0,21.4,37.1,18.8,53.9,0,5.1
,0,22.1,36.1,25.7,65.1,0,4.7
,0,25,35.9,16.6,63.6,0,3.6
,0,24.8,36,21,49,0.3,8.6
,0,22.7,33.3,24.6,52.5,1.7,14.9
,0,21.7,33.2,24.2,53.1,0.6,10.3
,0,21.6,34.8,17.1,48.2,0,7.4
,0,23.1,34.6,21.1,52.8,3.9,28.2
,0,18,32.5,26,54.9,2.6,12.3
,0,21.3,37.2,20.1,61.7,0.6,3.5
,0,22.1,36.9,16.2,55.5,1,6.4
,0,19.8,39.3,13.6,32.8,0.5,4
,0,21.2,39,6.2,34.9,0,11.9
,0,21.5,38.2,8.6,40.4,0,13.5
,0,21,42.1,5.7,52,0,7.9
,0,24.1,42.3,8.8,63.3,1.7,18.3
,0,11.6,30.9,41.9,99.9,0,5.7
,0,13.2,31.2,39,99.9,0,3.8
,0,12.3,32.5,44.7,99.9,0,4.9
,0,14,30.5,43.1,99.9,0,2.6
,0,14.2,32.9,42.4,99.9,0,3.6
,0,16.6,30.7,49,99.9,0,3.5
,0,19.6,32.3,52.3,99.9,0,3.6
,0,21.4,30.6,62,96.5,0,5.2
,0,17,32,56.4,99.9,0,2.3
,0,15,35.7,22.9,90.1,0,4.3
,0,14.8,34.3,23,90.2,0,3.1
,0,16.5,34.8,30.7,94,0,3.1
,0,16.1,33.5,41.2,96.6,0,4.4
,0,14.1,32.6,44.6,96.6,0,4.4
,0,12.1,32.6,38.6,95.9,0,3.2
,0,13.2,33.3,32.1,93,0,3
,0,13.7,34,32.6,94.4,0,4.1
,0,13.6,33.6,31.7,95.4,0,5.3
,0,15.6,33.6,34.4,95.5,0,3.8
,0,20,35.4,38,80.7,0,4.2
,0,16.9,33.1,38.4,91,0,5.1
,0,12.2,32.4,32.8,95,0,3.2
,0,12.5,33.3,27.8,92.3,0,3.1
,0,17.8,35,33.7,92.1,0,5.5
,0,16.4,35.3,36.5,93,0,4.4
,0,16.2,33.8,40,92.9,0,3.2
,0,15.4,33.3,38.4,92.1,0,2.5
,0,18.5,32.8,42.2,91.2,0,2
,0,18.5,31.5,46.9,92.4,0,3.2
,0,14.8,32.4,42.9,76.2,0,2.7
,0,11.8,28.9,30.2,87.2,0,4.5
,0,11.7,31.4,30.8,91.8,0,2.5
,0,9.9,33.4,23.1,92.8,0,0.8
,0,9.4,33.1,18.7,87.9,0,4.3
,0,9.2,34.6,14.5,89,0,6.3
,0,11.5,33,15.6,90.1,0,6
,0,15.3,33.2,19.6,71.9,0,4.9
,0,10.9,32,30.7,91.8,0,4.8
,0,8.1,31,24.5,90,0,4.3
,0,8,31.8,17.8,85.8,0,4.3
,0,9.3,32.8,17.4,84.3,0,3.5
,0,11.7,34.1,14.1,85,0,2
,0,13.8,35.5,15.7,85,0,4.9
,0,15,35.5,23,83.8,0,2.6
,0,20.2,34.8,18.5,81.9,0,4.8
,0,19,35.6,26.3,74.8,0,0.8
,0,18,35.1,23.2,79.4,0,3.9
,0,18.3,34.3,23.2,76.5,0,6.5
,0,17.7,32.7,30.9,82.9,0,6
,0.1,17,28.1,45.4,97.8,0,5.9
,0,12.9,24.9,54.2,99.9,0,3.3
,0,15.6,32.5,32.5,88.3,0,5.6
,0,15.2,33.7,32.2,87.5,0,5
,0,13.7,35.3,16.1,81.3,0,3.7
,0,14.6,35.5,14.1,77.3,0,4.2
,0,14.2,37,16.5,85.6,0,2.8
,0,16.6,37.8,14.2,75.5,0,3.2
,0,15.8,38.1,15,75,0,4.6
,0,15.9,38,14.2,67.8,0,4.3
,0,23.2,37.8,8.8,54.2,0,2.6
,0,18,38.3,13.2,75.4,0,1.9
,0,15.2,38.1,9.2,69,0,1.9
,0,14,37.6,8.4,72.3,0,3.4
,0,18.8,38,5.8,55.5,0,0.8
,0,16.4,37.4,8.1,70.9,0,6
,0,15.8,37.6,6.9,59.4,0,1.8
,0,19.3,38.6,7.4,63.8,0,2
,0,23,38.2,14,70.8,0,2.8
,0,23.1,37.2,14.2,72.7,0.1,6
,0,23.3,37.3,14.3,67.7,0,5.8
,0,18.9,37.6,13.5,74.1,0,6.2
,0,21.4,37.5,14.3,68.4,0.2,6.9
,0,18.2,35.4,16,69.8,0,6.8
,0,18.9,37,9.3,59.1,0,4.9
,0,20.5,37.8,14.1,69.7,0,2.3
,0,21.6,37.4,14.5,71.6,0,1.6
,0,24.1,37.7,14.3,70.5,0,5.2
,0,24.6,38,17.6,64.7,0,6.3
,0,21.5,34.9,29.1,73,0,5.7
,0,20.2,36.2,27.1,73.3,0,6.5
,0,21.1,38,14.8,61.9,0,2.7
,0.8,20.9,37.7,17.2,64.1,0,5.5
,0,17.7,34.9,26.8,81.1,0,5.4
,0,19.6,37.3,22.1,69.6,0,2.2
,0,20.8,38.7,17,55.9,0,2.9
,0,18.1,39.6,14,51.1,0,4.7
,0,19.1,40.3,9.9,54.2,0,1.8
,0,21.4,42,9.9,46.6,0,4.2
,0,21.4,42.7,9.8,50.2,0,0.9
,0,23.9,42.7,13.3,63.3,0,6.9
,0,11.7,30.9,40.1,97.2,0,5.7
,0,16.5,31.2,39.7,98.6,0,3.8
,0,16.7,31.4,43.1,90.4,0,4.9
,0,15.4,30.5,39.9,95.1,0,2.6
,0,14.4,32.8,32.4,98.2,0,3.6
,0,19.3,30.7,46.5,97,0,3.5
,0,19.7,31.6,48.9,94,0,3.6
,0,22.5,29.9,54.8,94.4,0,5.2
,0,17.1,32.7,46.5,85.3,0,2.3
,0,15.2,34.3,23,69.4,0,4.3
,0,19.3,34.8,23,74.7,0,3.1
,0,17,34.8,30.7,78.4,0,3.1
,0,17.1,33.5,40.3,84.5,0,4.4
,0,17.7,32.1,41.7,83.1,0,4.4
,0,14.1,32,39.1,87.8,0,3.2
,0,13.3,33.2,30.6,71.1,0,3
,0,13.8,34,30.5,94.4,0,4.1
,0,14.5,33.6,30.5,93.1,0,5.3
,0,15.7,33.6,34.2,81.9,0,3.8
,0,20.1,34.7,39.2,61.7,0,4.2
,0,17,33.1,39.2,91,0,5.1
,0,13.5,32.3,32.1,92.4,0,3.2
,0,13.6,34,26.4,89.5,0,3.1
,0,18.2,35.4,30.8,85.8,0,5.5
,0,16.9,35.2,34,92.4,0,4.4
,0,16.3,33.8,39.4,92.9,0,3.2
,0,17.8,33.3,39.2,88,0,2.5
,0,18.6,32.9,40.5,87.4,0,2
,0,20.4,31.5,46.3,86.6,0,3.2
,0,14.9,32.9,42.9,76.2,0,2.7
,0,14,28.9,30.2,83.2,0,4.5
,0,14,31.4,30,85.9,0,2.5
,0,10.3,33.4,23.1,88.5,0,0.8
,0,13,33.1,18.7,73.3,0,4.3
,0,11.7,34.6,13.7,78.7,0,6.3
,0,12.5,33,14.8,86.2,0,6
,0,16,33.3,17.5,66.5,0,4.9
,0,10.9,32.3,30.5,91.8,0,4.8
,0,8.2,31,23.4,90,0,4.3
,0,8,31.8,16.7,85.8,0,4.3
,0,9.4,32.7,16.8,84.3,0,3.5
,0,15.5,33.3,15.2,77.1,0,2
,0,18.2,35.5,15.3,77.3,0,4.9
,0,15.6,34.2,26.3,80,0,2.6
,0,20.2,34.5,24,70.7,0,4.8
,0,21.1,35.3,29.8,70.9,0,0.5
,0,21.8,33.9,21,73.4,0,3.9
,0,19.7,33.5,20.1,73.7,0,6.5
,0,19.3,30.5,28.2,80.2,0,6
,0.5,17.2,26.4,35.3,67.3,0,5.9
,0,13.1,22.7,46.8,85.3,0,3.3
,0,15.7,30.1,27.6,64.8,0,5.6
,0,16.2,31.5,25.5,60.2,0,5
,0,14,33.2,14.2,55.2,0,3.7
,0,14.4,34.1,13.2,54.7,0,4.2
,0,15.2,35.7,12.6,50.5,0,2.8
,0,16.7,37,10.4,50.1,0,3.2
,0,15.9,36.7,13.9,49.7,0,4.6
,0,17,35.7,10.3,47.1,0,4.3
,0,24.1,37,8,40.8,0,2.6
,0,18.3,37.4,9.2,49.6,0,1.9
,0,15.2,36.7,8,47.3,0,1.9
,0,14.9,36.6,6.9,48.3,0,3.4
,0,20.7,36.2,5.1,40.1,0,0.5
,0,16.4,36.5,6.9,48.7,0,6
,0,16.7,36.3,5.6,45.4,0,1.8
,0,20.3,37,8,46,0,1.2
,0,22.9,37,10.4,68.4,0,2.8
,0,24,36.8,13.3,48.3,0.1,6
,0,23.7,36.7,13.3,63.4,0,5.8
,0,19.4,37,9.2,50.3,0,6.2
,0,22.2,36.2,12.2,48.9,0.1,6.9
,0,18.6,33.9,13.8,46.6,0,6.8
,0,18.9,36,9.1,34.1,0,4.9
,0,22.6,36.3,12,46.8,0,2.3
,0,22.3,36.9,12.8,47.4,0,1.6
,0,26,37.3,12.2,47.2,0,5.2
,0,24.8,36.7,16.4,44.8,0,6.3
,0,22.8,32.8,25.5,48.8,0,5.7
,0,20.5,33.6,24,48.9,0,6.5
,0,22.1,38,15.6,44.4,0,2.7
,0.8,21.2,36.7,19.2,50.3,0,5.5
,0,18.1,33,22.7,61.8,0,5.4
,0,20.5,36,17.9,45.5,0,2.2
,0,20.5,37,13.3,44.5,0,2.9
,0,18.8,37.5,10.4,39.8,0,4.7
,0,20,38.3,6.9,45.1,0,1.8
,0,21.9,42,8.6,41.5,0,4.2
,0,21.4,42.5,7.9,44,0,0.9
,0,23.9,42.3,13.3,63.3,0,6.9
,0,11.3,29.1,43.2,92.8,0,4.9
,0,13.2,29.2,42.9,95,0,5.7
,0,11.4,29.8,49.3,95.7,0,4.1
,0,14.5,29,45.7,92.5,0,3.7
,0,13.4,29.8,47,94.5,0,5.1
,0,16.5,30.5,50.5,90.6,0,2.7
,0,19.4,30.2,56.1,90.2,0,3.5
,0,21.1,28.8,61.3,90.4,0,4.6
,0,16.6,30.4,58.1,91.1,0,4.1
,0,13.5,33,28.2,85.4,0,6.8
,0,14.2,33.5,25.1,83.4,0,4.5
,0,16.3,33.1,36.6,88.6,0,4.7
,0,14.9,32.9,45.5,91.9,0,4
,0,13.1,30.1,47.7,92.2,0,4
,0,11.7,29.8,42.5,90.6,0,5.4
,0,13.2,31.1,37,87.4,0,6.7
,0,13.9,32.2,34.6,89.6,0,5.3
,0,13.3,31.7,38.4,89.6,0,5.9
,0,14.2,31.6,40.2,91.6,0,5.4
,0,17.3,33.3,39.8,82.5,0,3.4
,0,17.2,33.8,38.5,82.7,0,5
,0,11.7,30.3,32.3,87.5,0,6.6
,0,12.2,31,32.6,85.7,0,5.7
,0,16.4,33.1,37.2,87.1,0,7.6
,0,15.4,34.7,38.2,87.3,0,4.7
,0,15.8,31.6,44.1,88.6,0,6.9
,0,15.6,34.2,40.6,84.2,0,4
,0,17.6,31.5,46.3,91.3,0,5.2
,0,18.9,33.6,42.9,83.7,0,4.6
,0,15.9,31.9,44.3,81,0,4.4
,0,11.2,26.8,32,77.5,0,7.1
,0,11.9,29.8,34.2,78.2,0,5
,0,8.9,31.1,30.6,84.5,0,6.7
,0,8.5,32.7,20.9,82.3,0,4.6
,0,9.1,33.3,16.7,81.4,0,5.3
,0,10.3,31.2,20.1,86.6,0,9.6
,0,14.7,32.6,21.3,70.3,0,7.4
,0,10.5,31.5,31.7,83.4,0,9.1
,0,7.8,29.7,25.7,79.3,0,8.5
,0,7.5,29.8,23,79.3,0,7.6
,0,9.3,31.2,21.2,77.5,0,7.7
,0,12.5,32.4,20.1,78.2,0,5.1
,0,13.7,34.7,23.5,78.7,0,6.4
,0,14.8,32.7,25.6,75.2,0,4.8
,0,15.8,33.5,29,79.3,0,7.4
,0,17.6,33.3,35.6,74.3,0,4.1
,0,16.6,34.9,30.6,75.6,0,7.8
,0,17,35.4,29.2,78.4,0,3.8
,0,17.5,31.5,38.7,78,0,10.8
,0.8,16.2,26.4,49.8,89.5,0,12.3
,0,12.3,23.4,60.8,92.1,0,7.8
,0,15.6,30.2,40.4,82,0,8.1
,0,15.4,31.9,35.6,81.6,0,6.8
,0,13.2,33.8,24.9,75.1,0,6.5
,0,13.9,33.7,24.2,73.3,0,8.2
,0,13.6,36.1,22.4,78.7,0,5.8
,0,15.8,37.5,17.6,70.2,0,7.7
,0,16.1,37,25.1,67.5,0,9.9
,0,15.4,36,18.2,66.5,0,10.6
,0,22.5,36.8,18.5,62.3,0,7.1
,0,18.1,37.8,17.1,67.9,0,5.2
,0,14.7,37.3,17.1,67,0,7.3
,0,14,36,16.2,66.5,0,7
,0,18.4,37.4,14.3,57.5,0,6.2
,0,16,37.1,15.5,56.6,0,10.4
,0,15.8,37.6,14.3,58,0,4.8
,0,19.6,38.6,17.1,55.5,0,5.9
,0,21.1,38,18.5,71.2,0,5.8
,0,21.8,37.9,24,68.9,0,6.1
,0,22,38,21.9,71.2,0,6.6
,0,17.5,38.5,16.6,74.3,0,4
,0,20.6,36.7,18.7,69.8,0,6
,0,16.5,34.7,27.2,68.4,0,10.8
,0,18.1,37,18.2,61.4,0,6.1
,0,19.6,36.9,19.8,67.9,0,4.4
,0,21.9,38,25.4,68.4,0,8.1
,0,22.9,38.4,21.2,74.1,0,4.3
,0,22.8,37,26.3,68.5,0,11.2
,0,21,33.8,35.9,73.5,0,8
,0,19.1,35,32.7,74.8,0,18.5
,0,21.8,37.4,24,59.3,0,14.7
,2.7,20.2,34.8,29.2,84.7,0,11.8
,0,17.1,32.9,36.1,81.1,0,12.1
,0,20.6,36.6,28.1,69.8,0,7.3
,0,22.1,37.7,22.6,50.4,0,7.5
,0,18.5,38.3,19.8,55.9,0,8.8
,0,18.6,38.6,14.3,56.5,0,11.3
,0,19.4,41.2,13.2,47.4,0,7
,0,20.4,40.9,11.8,45.2,0,5.5
,0,24.7,40.2,13.8,63.3,0,16.5
,0,12.3,29.4,41.2,94.2,0,3.3
,0,13.9,28.4,39.5,100,0,3.9
,0,12.2,30,41.2,100,0,2.9
,0,14,29.9,35.2,100,0,2.7
,0,14.3,31.1,33,100,0,1.9
,0,17.5,29.8,49.6,99.8,0,2.4
,0,20.3,29.7,57.7,100,0,2.4
,0,21.5,29.1,61.6,100,0,2.9
,0,17.5,30.9,50.9,100,0,2.8
,0,15,32.7,20.9,85.5,0,4.1
,0,15.9,33.9,13.4,78.9,0,2
,0,16.9,32.6,28.5,100,0,3.2
,0,15.7,32.5,40.9,100,0,2.7
,0,14,30.7,41.2,100,0,2.7
,0,11.9,30.7,36.3,100,0,3.8
,0,13.7,31,30,93,0,4.4
,0,14.6,31.3,30.7,100,0,2.5
,0,14.8,32.4,27.5,98.5,0,3.9
,0,16.1,31.1,32.6,93,0,2
,0,18.6,33.6,36.6,83.5,0.1,2.6
,0,16.7,32.6,35,93,0,4.4
,0,12.5,30.9,25.9,91.6,0,2.3
,0,13.5,31.4,26.2,81.4,0,3.8
,0,17.5,33.9,28.4,90.6,0,2.4
,0,16,33.4,36.1,86.6,0,2.3
,0,16.3,32.6,39.3,100,0,2
,0,14.9,32.3,38.8,100,0,2.4
,0,19.2,31.9,37.2,96.2,0,1.7
,0,19.3,31.7,43.7,97.6,0,2.5
,0,13.7,31.5,40.4,93.3,0,3.6
,0,11.4,27.3,26.7,83.8,0,3.1
,0,12.4,30.2,27.2,81.3,0,3.3
,0,10.1,31.2,19.6,84.3,0,4.4
,0,10.4,31.2,11.6,82.4,0,4
,0,12.7,32.1,8.5,70.2,0,4
,0,13.8,31.4,10.8,75.7,0,6.2
,0,14.5,32.1,14.7,78.4,0,5.5
,0,10.4,30.8,27.2,94.2,0,9.1
,0,7.8,29.3,19.4,79.4,0.1,4.3
,0,9.6,29.4,13.8,69,0,1.8
,0,9.7,30.8,10.2,72.9,0,5
,0,11.8,32.3,12.2,74.2,0,2.2
,0,14.4,32.6,12.2,76.8,0,1.4
,0,16.2,32.2,20.4,76.5,0,2.2
,0,18,34.2,23,74.1,0,1.4
,0,20.7,32.7,24.9,68.7,0,2
,0,18.1,33.6,24.3,73,0,2.5
,0,17.9,34.2,23.6,83.3,0,5.8
,0,17.2,30.2,35.2,85.5,0,2.1
,0.4,15.8,26,49.8,100,0,4.5
,0.2,12.9,22.5,65.3,100,0,5.7
,0,15.5,30.1,39,86.6,0,3
,0,16.4,31.3,32.6,83.3,0,2.7
,0,14.3,33,16,71.5,0,1.9
,0,14.9,34,16.1,77.1,0,4.7
,0,14.5,35.8,12.4,76.1,0,3.7
,0,17.6,37.1,10,61.9,0,4.2
,0,17.9,36.3,17.4,54.8,0,6.4
,0,17.8,35.6,11.3,55.2,0.2,3.7
,0,22.8,36.5,8.8,53.7,0,3.4
,0,18.9,36.9,10,60.5,0,2.3
,0,15.2,36.7,8.8,60.8,0,2.8
,0,14.1,35.4,8.8,59.8,0,2.7
,0,21.3,36.3,5.6,48.8,0,1.8
,0,16.3,36.4,7.5,53.5,0,4.7
,0,15.8,37.2,6.7,54.7,0,4.3
,0,20.2,37.2,9.4,55.3,0,1.9
,0,21.6,36.9,11.3,72.1,0,4.1
,0,22.2,36.5,15.7,67.1,0,4.6
,0,23.1,36.4,13.8,65.9,0.1,2.4
,0,18.4,37.1,10.6,72.2,0,4.5
,0,20.9,36.6,12.5,72.1,0.1,3.6
,0,16.2,33.9,19.4,71.8,0,3.5
,0,18.7,35.8,11.7,59.3,0,3.4
,0,19.3,35.8,13.6,71.3,0,2.1
,0,21.2,37.1,16.3,67.6,0,4
,0,23.2,36.6,16.1,71.9,0,2.1
,0,23,37.2,17.6,68.1,0,2.7
,0,21.1,33.5,25.8,75.6,0,3
,0,19.1,34.6,23.2,82.9,0,5.5
,0,20.5,36.8,16.3,58,0.1,8.5
,1,21.5,35.2,20.2,81.6,0,3.6
,0,17.9,32.9,26.8,78.1,0,3.5
,0,20.7,36.4,21.3,62.4,0,4.7
,0,21.4,36.8,14.4,52.9,0,3.1
,0,19.3,37.4,11.3,34.9,1.7,3.7
,0,20.9,38,7.6,40.6,0,8
,0,22.8,39.9,5.1,41,0,4.7
,0,22.9,40.9,5.1,34.6,0,3.6
,0,23.6,40.3,6.3,63.3,0,9.5
,0,11.4,29.2,39.7,89.2,0,1.5
,0,12.9,28.1,48.7,93.2,0,1.6
,0,10.3,31.1,44,95.3,0,1.5
,0,11.6,29.2,41.4,93.7,0,1.3
,0,12.5,28.7,42,91.7,0,2.1
,0,14.9,28.9,48.7,89.6,0,1.3
,0,18.7,28.9,53,91.3,0,1.7
,0,20.1,26.4,61.3,87.3,0,1.5
,0,15.8,31,46.3,89.2,0,1.5
,0,12.9,30.4,29.7,85.3,0,2.6
,0,13.3,32.2,25.7,85.3,0,0.8
,0,14.5,32.6,37.6,88.7,0,1.6
,0,15.7,32.7,39.8,88.3,0,1.4
,0,13.4,30.9,37.2,88.9,0,1.4
,0,11.5,30.5,37.2,88,0,1.7
,0,12.8,31.7,36.1,85.3,0,1.5
,0,13.6,31.9,35.9,88,0,0.9
,0,12.8,30.4,38.9,88.5,0,5
,0,13.5,31.1,40.6,91.7,0,3
,0,14.5,31.4,41.8,88.9,0,1.7
,0,15.7,31.6,40.1,84.6,0,4.3
,0,11.6,30.1,37.2,84,0,7
,0,11.7,31.9,30.7,82.4,0,4.9
,0,14.2,32.6,41,90.6,0.1,3.5
,0,14.7,33.2,41,87.8,0,7.5
,0,14.8,31.9,45,91.5,0,4.2
,0,16.8,31,44,80.5,0,4.8
,0,15.8,30.7,45.1,90.8,0.1,3.4
,0,15.4,30.1,48.7,90.6,0,5.9
,0,15.8,30.6,44,78.9,0.1,8.6
,0,14.3,26.8,38.8,67.6,0,5.6
,0,12.9,29.6,38.1,71.9,0,5.8
,0,8.6,32.5,26,83.1,0.1,5.5
,0,8.1,31.1,19.7,79.5,0.1,6.1
,0,8.4,31.3,18,81.7,0.1,6
,0,9.8,29.4,21,82.4,0,8.9
,0,11.7,31.8,27.7,78.8,0,5.8
,0,14.3,29.9,31.8,67.7,0.1,5.2
,0,10.5,28.2,28.5,68.8,0.1,5.9
,0,7.1,28.5,22.1,75.5,0.1,5.8
,0,8.4,31.5,20.2,81.3,0,4.2
,0,10.3,32.3,21.9,79.7,0,3.4
,0,11.5,32.2,19.2,83.3,0,4.9
,0,12.9,31.9,33.1,81.7,0,5
,0,12.9,32.4,32.2,83.5,0,5.6
,0,17.5,32.2,32.8,75.5,0,5.2
,0,16.5,32.5,31.5,80,0,7.5
,0,17.5,32.2,30.6,77.1,0,6.4
,0,17.1,30.7,33.5,80.5,0,4.8
,0.3,16.2,28.7,37.3,88.8,0,7.4
,1.7,11.8,23.7,57.9,93.2,0.1,7.8
,0,15.4,28.2,47,81.4,0,6.4
,0,14,29.8,42.3,84,0,4.5
,0,13.3,32.6,22.6,74.5,0,5.1
,0,12.5,33.9,25.3,78.5,0,1.1
,0,12.8,36.1,21.5,74.5,0,4.4
,0,14.2,36.5,19.4,70.9,0,15.5
,0,15.2,35.4,28.7,71.5,0,13.9
,0,14.8,35.3,21.5,64.3,0,14.9
,0,21.8,37.2,16.2,64.7,0,12
,0,16.6,36.4,20.1,70.5,0,9.1
,0,17.5,35.2,18.7,56.6,0,5
,0,13.7,34.9,19.2,63.4,0,3.4
,0,14.6,35.8,14.7,73.1,0,5.6
,0,13.9,35.9,16.7,64.7,0,6.9
,0,14.6,36.2,14.7,61.4,0,10.6
,0,15.9,36.5,18.1,69.2,0,3.4
,0,16.5,34,24.6,76.4,0,8.2
,0,19.1,35.4,29.6,73.8,0,7.2
,0,17.6,34.9,26.2,77.1,0,13.2
,0,18.3,35.3,23.5,77.3,0,14.9
,0,19.8,34.2,27.3,71.9,0,15.7
,0,15.6,33.7,25.6,68.8,0,5.7
,0,18.2,34.6,24.2,65.6,0,5.1
,0,19.8,35.5,23.5,73.7,0,8.6
,0,18.8,36.9,23.7,67.9,0,5.4
,0,22,35.3,26.9,72.9,0,5.2
,0,23.8,33.8,31.7,65.3,0,15.6
,0,21.6,35.1,26.9,64.2,0,9.9
,0,20.4,33.3,33.4,65.6,0,14.2
,0,19.4,35.9,24.9,61.8,0,9.5
,0,23.3,34.3,31.4,60.4,0,11.7
,0,16.8,32,37.2,67.8,0,14.7
,0,19.4,34.7,30,61.8,0,7.6
,0,21.2,36.3,25.6,58.9,0,8
,0,20.7,37.2,24.2,33.1,0.6,11.5
,0,20.1,37.6,13.9,34.2,0,14.7
,0,20.9,39,12.2,41.9,0,13.8
,0,23.2,40,12.7,35.3,0,16.1
,0,23.6,39.2,14.1,63.3,1.3,15.5
,0,11.2,29.7,39.2,91.9,0,1.5
,0,11.5,29,49.8,94.4,0,1.6
,0,9.2,29.5,46.1,95.4,0,1.5
,0,10.9,28.6,46.5,94.6,0,1.3
,0,12.5,29.5,43.5,94.4,0,2.1
,0,14,29.2,47.4,92,0,1.3
,0,18.3,30.8,54.8,91.3,0,1.7
,0,19.7,26.8,63.8,90.9,0,1.5
,0,14.7,30.8,46,93.1,0,1.5
,0,12.5,31.9,23.2,88.6,0,2.6
,0,13.1,32.6,22.9,84,0,1.3
,0,14.7,33.6,34.1,91.5,0,1.6
,0,14.7,32.7,36.7,91.6,0,1.4
,0,12.9,31.9,31.9,91.9,0,1.4
,0,11.3,31.9,31.9,90.7,0,1.7
,0,12.4,32,33.5,91.4,0,1.5
,0,13.1,32.2,35.2,92.4,0,1.5
,0,12.5,30.9,37.3,92.9,0,5
,0,13.9,30.3,40.9,93.4,0,3
,0,13.5,31.2,40.1,91.2,0,2.4
,0,15.6,33.3,38,86.3,0,4.3
,0,11.2,31.8,36,87,0,7
,0,11.7,33.5,29.2,85.8,0,4.9
,0,14.2,32.8,37.8,91.1,0.1,3.5
,0,15.3,34,42,91.7,0,7.5
,0,14,32.9,39.4,92.3,0,4.2
,0,15.6,32.5,41.1,89.1,0,4.8
,0,15.8,32.6,40.8,92.6,0.1,3.4
,0,15.1,32,44.3,90.2,0,5.9
,0,15.1,32.4,43.7,83.3,0.1,8.6
,0,11.5,28.3,38.8,83.6,0,5.6
,0,11.7,31,33.6,82.6,0,5.8
,0,8.7,31.5,26.6,83,0.1,5.5
,0,8.6,31.7,17.3,80.7,0.1,6.1
,0,7.8,32.5,15.7,85,0.1,6
,0,8.4,31.3,19.1,86.3,0,8.9
,0,11.4,33,22.3,82.5,0,5.8
,0,11.7,30.6,29.9,75,0.1,5.2
,0,6.7,29.2,29.2,81.4,0.1,5.9
,0,6,29.6,19.2,79,0.2,5.8
,0,7.8,33.1,17.6,81,0,4.2
,0,9.2,33.4,18.2,78.9,0,3.4
,0,10.8,33.2,19.5,81.5,0,4.9
,0,11.7,33.8,31.1,84.8,0,5
,0,13.3,34.2,32.4,85.7,0,5.6
,0,15.5,33.7,31.2,79,0,5.2
,0,13.7,33.9,31.1,83.9,0,7.5
,0,16,34.4,29.8,82.6,0,6.4
,0,15.5,32,33.9,88.6,0,4.8
,1.3,15.4,29,33.6,91.9,0,7.4
,2.1,11.8,24.1,58.8,95.4,0.1,7.8
,0,13.5,30.2,35.6,90,0,6.4
,0,14.8,32.1,35.1,89.6,0,6.4
,0,12,33.9,21.9,82.3,0,10.4
,0,12.3,35.9,23.3,84.6,0,1.6
,0,13.8,36.7,21.8,82.7,0,2.4
,0,14.6,36.3,18.8,80.3,0,1.9
,0,16.1,36.8,25.3,76.2,0,1.8
,0,14.5,36,18.6,60.7,0,5.7
,0,22.2,36.4,15.1,62.3,0,2.3
,0,17.4,37.4,18.9,79.8,0,12.8
,0,15.2,36.5,17.3,68.9,0,14.7
,0,14.2,35.6,15.8,65.5,0,8.1
,0,14.6,36.4,12.6,66.6,0,9.4
,0,16.5,35.8,17.1,69.2,0,14.4
,0,14.6,36.9,13.6,62.7,0,11.8
,0,16.1,37.1,17.3,70.9,0,15.1
,0,17.3,35.8,19.2,76.6,0,15.2
,0,19.8,35.4,24,75.4,0,14.1
,0,18.2,35.9,22.3,77.9,0,15.4
,0,17.9,35.3,16.6,78.9,0,31.8
,0,19.8,34.8,22.2,82.9,0,19.8
,0,15.2,33.8,23.8,76.8,0,14.6
,0,17.7,34.9,19.2,61.4,0,12.5
,0,18.6,35.8,20.7,74.2,0,23.4
,0,19.1,35.7,24.2,68.3,0,13.5
,0,23.3,36.2,23.2,71.1,0,11.8
,0,22.8,35.5,28.2,69,0,29.3
,0,22.1,34.5,22.6,64,0.1,15.2
,0,20.6,34.1,26.8,65.1,0,26.2
,0,19.9,35.4,19.3,62.5,0,15.2
,0,23.1,34.9,27,57.8,0,22
,0,16.6,32.4,30.9,73.9,0,28.3
,0,19.5,35.4,25.7,67.1,0,19.6
,0,21.6,37,22.1,58.3,0,19.6
,0,17.5,37.5,19.4,48,1.9,27.2
,0,18.3,37.8,14.5,38.1,0,17.3
,0,20.8,39.2,12.6,48.3,0,18.5
,0,21.1,40.8,12.7,40,0,23.3
,0,22.5,39.8,14.7,63.3,2.1,19
,0,11.3,29.2,40.9,89.4,0,11
,0,11.6,28.5,51,93.3,0,9
,0,9.3,29.5,47.8,93.2,0,6.6
,0,11,28.6,47.7,93.7,0,7.5
,0,12.6,29.1,46,90.3,0,8.6
,0,14.7,28.5,50.9,91.7,0,7.1
,0,19,30.4,55.4,96,0,7.3
,0,20,27.7,65.7,96.5,0,7.3
,0,15.4,32,44,98.7,0,7.8
,0,13.6,31.7,25.4,94.4,0,8.8
,0,14.3,34.7,23.7,84.6,0,6
,0,15.4,33.5,37.5,95.5,0,6.5
,0,15.1,33.9,36.9,98.4,0,9.4
,0,14.9,33.1,36.3,90.2,0,9.4
,0,11.4,33,33.8,88.4,0,8.6
,0,12.9,31.9,34.3,90.9,0,8.2
,0,13.7,31.6,36.9,100,0,9.2
,0,13.2,32.2,38.2,93.9,0,8.3
,0,14.7,30.4,42,96.9,0,10.6
,0,14.2,31.2,41.3,90.8,0,8.4
,0,16.2,32.5,38.7,85.7,0,9
,0,11.3,31.5,37.1,85.3,0,9.6
,0,11.8,33.1,30.2,83.8,0,8.9
,0,15.2,34.1,36,90.3,0,7.6
,0,15.6,33.3,43.6,91.4,0,9.9
,0,14.7,33.1,41.3,92.2,0,7.2
,0,15.8,32.2,41.8,86.1,0,10.3
,0,16.6,32,41.1,91.9,0,8.9
,0,16.6,31.8,46,88.9,0,9.5
,0,13.9,31.3,45.4,89.7,0,10.2
,0,13,27.9,39.8,68.8,0,12.9
,0,13.2,29.3,34.3,73.4,0,6.7
,0,10.3,30.6,26.6,76,0,9.5
,0,9.8,31,19,83.5,0,9.6
,0,10.4,30.8,15.5,81.6,0,11.9
,0,10.9,30.3,21.1,85.3,0,7.7
,0,12.8,30.7,23.9,79.4,0,6.8
,0,12.1,30.4,30.1,74.3,0,10.7
,0,8.9,27.9,29.8,70,0,12.1
,0,8.6,28.7,20.2,79.6,0,12.3
,0,10.3,31.9,16.5,77.4,0,8.5
,0,10.6,31.6,20.4,80.2,0,6.3
,0,13.4,32.5,21.1,85.5,0,9.6
,0,13.8,31.5,30.1,81.8,0,6.5
,0,15.3,32,34.9,84.3,0,9.3
,0,16.9,32.6,33.6,75.3,0,7.7
,0,16,32.4,33.2,77.2,0,11.2
,0,16.5,32.1,36,74.9,3.1,11
,0,16.8,31.1,32.2,88.7,0,6.4
,1.5,16.2,28.1,36.9,97.1,0,14.8
,3.2,13.2,23.5,59.1,100,0,12.5
,0,14.7,29.6,38.4,92.7,0,14.6
,0,15.3,30.7,38.4,93.5,0,9.9
,0,12.8,33.4,21.3,88.3,0,11.4
,0,14.2,33.7,24.8,77.5,0,11.5
,0,14.5,35.1,20.9,68.8,0,11.1
,0,17.6,36.2,20.1,62.2,0,10.2
,0,18.8,36.3,24.4,45.8,0,7
,0,16.3,35.3,19.4,58.2,0,10.2
,0,23.5,35.8,15.2,44.6,0,12.1
,0,18.8,35.9,19.4,67.9,0,12
,0,17.4,35.6,17.3,53.5,0,15.7
,0,14.6,35.2,15.9,60.3,0,12.5
,0,17.7,35.3,14.5,60.1,0,10.6
,0,18.2,35.1,20.9,53.2,0,15.8
,0,17.8,36.8,14.5,46.8,0,8.6
,0,17.6,36.1,18,58.7,0,7.8
,0,18.3,35.3,20.1,77.7,0,10.2
,0,20.6,34.7,25.8,74,0,11.1
,0,18.6,35.1,22.3,79.2,0,12.1
,0,17.4,35.4,19.4,77.7,0,11.2
,0,19.8,34.8,23.6,72.1,0,16.1
,0,16,34.2,24.4,61.1,0,14.6
,0,16.8,34.5,19.9,59.2,0,11.1
,0,18.7,35,20.9,65.5,0,12.8
,0,19.2,35.8,25.8,66.5,0,8.4
,0,23.7,35.6,23.6,71.8,0,11.4
,0,21.5,34.7,27.9,68.9,0,10.6
,0,21.3,33.9,25.5,66,0,9.1
,0,20,33.8,29.3,67.4,0,14.7
,0,19.9,35.6,20.9,62.5,0,10.5
,0,23.5,34.7,28.6,57,0,14.6
,0,18.5,32.8,34.6,68.4,0,18
,0,19.9,35.4,25.1,59.3,0,11.8
,0,23.7,36,24.4,47.1,0,14.5
,0,19.8,36.9,19.4,41.1,0,17.5
,0,19.9,37.5,14.5,33.1,0,10.5
,0,20.8,38.7,12,38,0,15.1
,0,21.1,38.9,14,36.2,0,10.9
,0,22.5,39.4,14.7,63.3,1.1,16.9
,0,16.2,27.9,41.3,77.1,0,1.4
,0,15.5,27.4,52.2,96.5,0,1.7
,0,14.5,28.2,44.8,100,0,1.3
,0,16.1,28,38.6,97.5,0,1.1
,0,17,27.9,39.1,87.9,0,1.8
,0,16.7,28.7,49.1,87.6,0,1.7
,0,20,28.1,58.5,93.3,0,1.6
,0,20.9,26.7,65.9,83.3,0,1.4
,0,16.4,31,49.2,89.1,0,1.4
,0,14.2,31.3,24.6,68.8,0,3.4
,0,16.9,31.2,22.6,70.1,0,0.3
,0,20.2,32.1,36.4,72.8,0,1.6
,0,19.7,31,41.1,85,0,1.4
,0,16.1,32.1,34.5,87.9,0,1.4
,0,16.4,31.3,30.5,73.8,0,2.9
,0,16.5,31.3,35,69.6,0,2
,0,17.9,30.6,36.1,81.8,0,0.3
,0,16.4,31.1,34.5,85.2,0,8.6
,0,18.1,30,41.1,86.8,0,4.6
,0,18.7,31.6,39.5,82.7,0,0.9
,0,20.4,31.9,38.1,71.5,0,6.3
,0,15.8,30.5,36.4,68.3,0,12.3
,0,16.7,32.1,28.1,66.1,0,8.7
,0,19.1,32.8,37,88.2,0,5.3
,0,19.3,32.6,41.5,82.2,0,12.1
,0,18.6,31.6,41.7,89.1,0,6.1
,0,17.5,31.2,40,79.5,0,7
,0,19.2,31.3,41.1,95.8,0,4.4
,0,18.6,30.6,47.2,95.3,0,9.1
,0,16.8,29.5,44.5,77.4,0,14.5
,0,16.8,27.5,33.3,53.4,0,9
,0,17.9,28.7,32.6,71.5,0,9.8
,0,14.1,30.5,21.9,55.9,0,9.6
,0,18.8,30.8,15.3,76.7,0,10.3
,0,17.5,30.6,14.6,79.6,0,10.2
,0,14.1,29.1,20.4,69.1,0,15
,0,16.6,29.9,23.2,61.5,0,9.3
,0,16.9,29.6,31.2,55.8,0,8.8
,0,14.1,27.6,26.3,69.3,0,9.5
,0,15.2,28.8,17.7,74.6,0,9.5
,0,18.1,31.1,19.3,78.8,0,7.1
,0,16.3,32.1,19.5,54.9,0,5.3
,0,17.6,32,17.5,71.5,0,8.4
,0,18.9,31.6,29.9,62.4,0,8
,0,17.9,32.4,30.1,80,0,8.7
,0,18.3,32.1,30.8,70.6,0,7.8
,0,18.7,33,30.1,72.3,0,12.6
,0,18.6,32.8,29.5,73.7,0,10.2
,0,19.2,30.2,31.8,73.7,0,8.3
,0,16.3,27.5,41.3,87.5,0,12.2
,2.3,15.5,24,55.7,98.5,0,13.8
,0,18.3,29.3,36.9,74.1,0,11
,0,17.9,31.3,37.2,70.6,0,5.5
,0,19.6,32.8,20.8,61,0,2.7
,0,21.3,33.9,22.7,51.9,0,0.9
,0,15,35,18.8,70.6,0,7.7
,0,19.2,36.4,16.4,53.4,0,11.7
,0,20.4,36.4,21.7,39,0,9
,0,16.9,35.2,18.4,36,0,6.6
,0,24.7,36.6,14.3,38.2,0,7.3
,0,22.6,35.7,17.7,45.9,0,6
,0,22,36.3,15.7,40.6,0,8
,0,20.7,34.8,15,39,0,7.7
,0,20.1,35.9,12.4,49,0,3.4
,0,22.2,36.1,14.3,42.8,0,13.6
,0,19.6,35.7,13.7,38.7,0,7.1
,0,18,36.8,20.4,65.1,0,6.2
,0,19,36,21.6,75.8,0,5.1
,0,20.3,36.5,25.7,75.6,0,4.4
,0,19.8,36.1,24.6,74.8,0,7.6
,0,18.3,36,20.3,72.9,0,8.9
,0,19.8,35.8,24.9,69.9,0,9.5
,0,16.5,33.8,22.4,60.4,0,0.1
,0,18.8,35,17.7,41.6,0,0.4
,0,21.6,34.9,19,59.5,0,0.1
,0,22.9,35.5,23,64.3,0,0.5
,0,24.2,36.8,21.3,71.2,0,1.6
,0,24.6,35.5,25.7,59.5,0,14.6
,0,22.1,33.7,25.1,65.7,0,11.4
,0,21.5,33.9,28.4,64.3,0,12.1
,0,20.8,35.8,19.7,50.8,0,11
,0,24.1,34.4,27.1,54.2,0,8.8
,0,18.6,32.8,32.1,54.7,0,12.1
,0,20.8,34.8,25.7,52,0,0.6
,0,22.8,36.6,22.4,40.4,0,2.2
,0,21.5,37,18.4,34.6,0,4.6
,0,21.9,37.7,13.2,31,0,12.1
,0,22.8,38.8,11.3,35.6,0,9
,0,24.1,39.2,12.6,32.8,0,8.8
,0,25.2,39.4,13.2,63.3,0.5,12
,0,13.8,29.3,42.5,91.9,0,1.4
,0,14.3,28.8,52.3,95.5,0,1.7
,0,13.3,29.5,46.7,97.2,0,1.3
,0,14.3,29.4,42.6,97.4,0,1.1
,0,14.5,30.2,38.7,93.7,0,1.8
,0,17.2,30.1,48.1,93.4,0,1.7
,0,20.2,29.5,57.5,95.3,0,1.6
,0,21.5,27.4,67.3,93.3,0,1.4
,0,17,31,51.3,95.1,0,1.4
,0,15.2,31.9,29.5,87,0,3.4
,0,15.9,32.4,24,85.4,0,2.1
,0,16.9,33.2,39.3,92.2,0,1.6
,0,17.7,32.3,42.3,92.4,0,1.4
,0,15.9,31.5,33.5,93.6,0,1.4
,0,13.9,31.5,33.5,88.7,0,2.9
,0,14.5,31.8,33.2,89.4,0,2
,0,15.4,31.3,38.3,90.7,0,1.6
,0,15.2,31.7,35.2,91.4,0,2
,0,15.8,31,45.5,94.2,0,1
,0,16.7,31.9,40.9,91.7,0,2.1
,0,18.5,32.7,39.4,87.4,0,1.8
,0,14.5,30.9,36.3,84.8,0,2
,0,14.7,31.8,33.4,85.2,0,1.4
,0,16.7,33.5,37.4,95.2,0,1.9
,0,17.1,32.8,40.4,91.7,0,1.7
,0,17.5,33.7,39.4,93.7,0,1.5
,0,17.7,32.7,40.1,86.6,0,1.6
,0,17.4,31.1,47.2,94.5,0,1.7
,0,17.2,30.9,47.9,97,0,2.2
,0,16.3,31.1,43.3,87.4,0,2.6
,0,14.4,27.9,37.6,73.3,0,2.6
,0,14.4,29.8,35.3,77.6,0,1.5
,0,11.3,31.3,27.3,83.2,0,1.5
,0,11.3,31.7,20.3,84,0,2.3
,0,11.1,32.2,16.9,86.2,0,2
,0,12.2,30.6,24.8,87,0,2.6
,0,13.9,31.2,24.5,82.6,0,2.1
,0,16.7,29.8,34.5,69,0,2
,0,10.5,27.8,34.4,80.4,0,2.4
,0,10,29,21,82.2,0,2.6
,0,11.9,31.5,21.8,84.3,0,2.1
,0,12.4,33,20,85.4,0,1.3
,0,13.7,32.2,22.9,87.7,0,3.6
,0,15.3,32.3,31.2,86.5,0,1.4
,0,15.5,32.9,33.4,89.5,0,1.5
,0,18.8,33.3,32,81.9,0,2.1
,0,15.6,32.8,32.6,89.1,0,2.2
,0,17.5,33.8,31.3,83.3,0,3.6
,0,18.2,32.3,31,83.2,0,1.8
,0,17.6,28.4,44,84.5,0,2.4
,1.5,15.1,24.4,57.1,94.8,0,2.3
,0,17.3,31,34.2,86.3,0,2.4
,0,16,30.9,38.7,86.6,0,2.3
,0,15.3,33.1,26.7,81.6,0,1.7
,0,15.5,34.2,24.8,80.8,0,2
,0,15.5,36.1,20.6,78.1,0,1.9
,0,16.9,36.6,21.4,76.9,0,1.5
,0,17.5,36.7,27.3,77.6,0,1.8
,0,17.2,35.2,22.3,68.2,0,2
,0,23.3,36.6,16.7,67.9,0,3.2
,0,19.1,36.1,20.7,76.8,0,1.7
,0,17.8,35.6,19.7,59.5,0,2.2
,0,16.2,34.7,19.4,66.7,0,2.7
,0,16,36.5,15.9,75.4,0,1.4
,0,16.8,36.3,16.9,72.1,0,2.4
,0,17.4,37.2,14.7,61.2,0,2.3
,0,17.9,36.5,17.8,62.5,0,1.9
,0,19.6,36.6,20.6,82.4,0,2
,0,20.6,35.8,25.7,82.8,0,1.6
,0,20.5,36.2,24.2,83.5,0,1.9
,0,18.2,36,19.5,83.9,0,2.9
,0,20.6,35.8,24.6,77.2,0,3.2
,0,17.2,33.9,25.1,74.6,0,1.4
,0,18.2,35,19.6,66.8,0,2.2
,0,19.5,36,20.1,75.3,0,1.3
,0,21.4,35.8,24.7,72.9,0,0.9
,0,23.4,37.2,26.5,75.7,0,1.1
,0,23.6,36.3,28.2,69.1,0,1.6
,0,22.6,35.1,26.2,66.4,0,2
,0,20.8,34.9,30.2,70.3,0,3
,0,21.6,36.3,23.6,64.3,0,2
,0,23.5,34.6,31,62.8,0,4.4
,0,19.3,32.9,36.1,71.3,0,3.4
,0,20.7,35,28.8,65.6,0,2.9
,0,23.3,37.8,23.7,60.1,0,2.9
,0,21.6,37,24.1,35.4,1.1,2.7
,0,21.5,37.2,11.3,29.3,0,12
,0,22.5,38.9,11.6,40.3,0,11.3
,0,22.4,39.7,10.1,41.9,0,8.4
,0,24.8,38.9,11.6,63.3,1.1,15.2
,0,12.7,29.4,41.9,92.1,0,1.9
,0,14,28.8,50,95.2,0,2.1
,0,12.1,29.5,47.1,97.4,0,1.7
,0,13.7,29.3,44,96.7,0,2.1
,0,13.8,29.1,38.5,94.8,0,2.8
,0,16.4,28.7,51.5,90.2,0,2
,0,19.2,28.8,57.1,94.1,0,1.5
,0,20.6,28.1,65.1,91.7,0,1.6
,0,15.1,30.2,46.7,91.1,0,2.2
,0,14.2,30.6,29.7,91.3,0,3
,0,15.1,32,25.5,89,0,2.8
,0,15.4,32.3,34.8,93.1,0,1.8
,0,17.1,32.5,30.2,86.8,0,2
,0,15.5,31.9,35.5,86.7,0,2
,0,12.3,31.9,34.5,88.4,0,2.2
,0,13.7,32.1,34,86.5,0,1.8
,0,15,31.1,35.5,86.4,0,2
,0,13.2,31.5,34.4,90,0,2.3
,0,14,30.7,37.8,95.9,0,2.5
,0,14.9,32.1,37.8,94.3,0,2.2
,0,16.6,31,41.9,88.5,0,2.3
,0,14.2,31.6,34.5,78.9,0,2.5
,0,13.1,32.3,28.4,84.9,0,1.8
,0,15.3,32.4,39.6,95.3,0,2.2
,0,16.5,32.2,43.1,94.4,0,3.1
,0,15.8,32.1,43.8,94.9,0,2
,0,17.8,31.2,44.1,88.1,0,2.2
,0,16.8,30.9,44.2,94.7,0,3
,0,16.2,29.7,50.6,96.9,0,2.7
,0,16.6,30.3,46.6,82.5,0,2.8
,0,16,28.6,35.9,59.5,0.2,3.1
,0,14.7,30.2,32.8,63.8,0.2,2.3
,0,11.8,31.6,26.2,77.2,0,2.5
,0,11.1,31.3,18.9,70.9,0,3.3
,0,10,31.2,15.1,74.4,0,2.8
,0,11.3,29.3,25.1,84.6,0,3.6
,0,12.2,31.2,26.3,80.9,0,3
,0,16.5,30.2,31.9,60,0,3.3
,0,12,29.2,29.6,63.1,0,4.3
,0,9.2,29.2,20.4,71.4,0,3.1
,0,10.6,31.7,21.3,72.6,0,2.2
,0,11.4,32.7,22.2,78,0,1.4
,0,12.4,32.6,21.6,86.5,0,3.1
,0,13.5,32,34.9,82.8,0,1.8
,0,15,32.7,34.6,87.2,0,2.2
,0,16.3,32.4,33.4,84.5,0,1.9
,0,14.9,33.7,29.8,85.8,0,2.1
,0,17.8,32.7,34.1,76.6,0,3.3
,0.3,17.3,30.4,31.2,80.8,0.2,2.9
,0.3,17,27,45.8,85.1,0.1,4
,2.9,16.2,24.5,58.2,92.7,0,2.3
,0,16.3,30,33.7,84,0,3.9
,0,14.7,31.4,34.9,83.6,0,3.1
,0,14.7,33.9,23.9,70.9,0.2,2.4
,0,14.7,34.7,22.3,73.2,0,2.8
,0,15,35.9,21.1,74.2,0,2.6
,0,16.2,37.1,18.9,70.8,0,1.5
,0,16.6,36.7,22.8,69.1,0,2.2
,0,16.9,35.5,20.8,58.3,0,3.2
,0,23.1,36.8,16.8,53.6,0,1.9
,0,18.6,36.1,22.3,73.7,0,2.5
,0,19.1,36.1,17.5,55.8,0,3.5
,0,15.9,34.9,17,55.4,0,3.2
,0,15,37.1,13,68.9,0,2.1
,0,17.1,35.4,20.5,69.7,0,2.4
,0,17.2,36.7,15,57.2,0,3
,0,17.3,36.2,20.8,66.4,0,2.5
,0,19.5,35.6,22.9,80,0,2.4
,0,21.4,34.6,32.6,78.9,0.2,2.2
,0,20.1,34.9,26.1,79.4,0,2.5
,0,17.6,35.9,20,75.6,0,2.9
,0,20.5,34.9,23.8,76.4,0,5.4
,0,16.9,34.2,26.2,65.4,0,4.3
,0,17.4,34.6,21,58.6,0,2.2
,0,20,35.5,20.4,68.6,0,2.7
,0,19.4,36.1,28.5,72.5,0,1.9
,0,24.1,35.6,28.5,70.2,0,2.5
,0,23.3,34.6,31.5,65.3,0.1,3.2
,0,22,34.8,26.9,63.9,0.3,3
,0,21.5,34,32,62.1,0.1,5.1
,0,21.6,36.2,24.6,56.6,0,3.2
,0,22.5,35,29.3,63.5,0.2,4.8
,0,19.1,32.7,36.4,64.8,0,4.8
,0,20.3,35.6,27,57.7,0,3
,0,22.2,37.7,23.7,55.4,0,2.1
,0,19.6,37.6,19.7,53.4,0.2,3.9
,0,20.6,37.7,15.9,51.8,0,2.3
,0,19.4,39.6,13.4,50,0,2.7
,0,20.5,40.2,14.9,62.2,0,2.1
,0,23.4,40.8,14.6,63.3,0,2.4